{"cameraMode":{"drawMode":0,"name":"Shaded","section":"Shading Mode"},"sceneLighting":false,"audioPlay":false,"sceneViewState":{"m_AlwaysRefresh":false,"showFog":false,"showSkybox":false,"showFlares":false,"showImageEffects":false,"showParticleSystems":false,"showVisualEffectGraphs":true,"m_FxEnabled":true},"in2DMode":false,"pivot":{"x":9.5367431640625e-7,"y":0.873903751373291,"z":-0.02284608781337738},"rotation":{"x":0.22456808388233186,"y":0.0029226336628198625,"z":-0.0006732243928126991,"w":0.9744561910629273},"size":1.1856101751327515,"orthographic":false}